user_id,action
540075595,/start
540075595,/menu
540075595,aksdjasld
540075595,/start
540075595,/menu
540075595,/start
540075595,/menu
540075595,/start
540075595,–ª–µ–æ–Ω–∏–¥
540075595,"—Ñ—É—Ç–±–æ–ª, –∂–∞—Ä–µ–Ω–æ–µ –º—è—Å–æ"
540075595,/menu
540075595,—Å–ø–∞—Å–∏–±–ª
540075595,/menu
540075595,/brainstorm
540075595,–∫–∏–Ω–æ
540075595,/start
540075595,/menu
540075595,/brainstorm
540075595,–∫–∞—Ä—Ç–∏–Ω–∞
540075595,—ã–¥–ª–∞–æ
540075595,/—å—É—Ç–≥
540075595,/menu
540075595,/menu
540075595,/brainstorm
540075595,asdj
540075595,sdf
540075595,sdfsdf
540075595,/start
540075595,/menu
540075595,/brainstorm
540075595,–∫–∞—Ä—Ç–∏–Ω–∞
540075595,—ã–¥–ª–≤–æ–∞—ã–≤–∞
540075595,/menu
540075595,/start
540075595,/brainstorm
540075595,sdlkfj
540075595,skdjf
540075595,/creative_prompt
540075595,/word_association
540075595,—Ä—É–∫–∞
540075595,/menu
540075595,/brainstorm
540075595,–ø–∞—Å –≤ —Ñ—É—Ç–±–æ–ª–µ
540075595,/quote_of_the_day
540075595,/challenge
540075595,/feedback
540075595,–¥—ã–≤–ª–æ–∞–≤—ã
540075595,/menu
540075595,/word_association
540075595,—Å–∞–º–æ–ª–µ—Ç
540075595,/start
540075595,–õ–µ–æ–Ω–∏–¥
540075595,—è –ª—é–±–ª—é —Ä–∏—Å–æ–≤–∞—Ç—å –∏ –Ω–∞—Å–ª–∞–∂–¥–∞—Ç—å—Å—è –ø—Ä–∏—Ä–æ–¥–æ–π
540075595,/menu
540075595,/brainstorm
540075595,–Ω–µ –º–æ–≥—É –Ω–∞–π—Ç–∏ –≤–¥–æ—Ö–Ω–æ–≤–µ–Ω–∏–µ –¥–ª—è –Ω–∞–ø–∏—Å–∞–Ω–∏—è –∫–∞—Ä—Ç–∏–Ω—ã
540075595,/option2
540075595,/start
540075595,/menu
540075595,/brainstorm
540075595,slkfjsdf
540075595,/creative_prompt
540075595,/word_association
540075595,–ª—ã–∂–∏
540075595,/quote_of_the_day
540075595,/challenge
540075595,/feedback
540075595,–Ω–∞—Ä–∏—Å–æ–≤–∞–ª –∞—Ñ—Ç–æ–ø–æ—Ä—Ç—Ä–µ—Ç —á–µ—Ä–Ω–æ –±–µ–ª—ã–º–∏ –∫—Ä–∞—Å–∫–∞–º–∏ —Ç–∏–ø–æ –≥—Ä—É—Å—Ç–Ω—ã–π
540075595,/menu
540075595,/start
540075595,/quote_of_the_day
540075595,/brainstorm
540075595,–Ω–µ –º–æ–≥—É –Ω–∞–π—Ç–∏ –≤–¥–æ—Ö–Ω–æ–≤–µ–Ω–∏–µ
540075595,/feedback
540075595,/menu
540075595,/word_association
540075595,—Å—Ç—Ä–æ–π–∫–∞
540075595,/word_association
540075595,flag
540075595,/start
540075595,/menu
540075595,/challenge
540075595,/quote_of_the_day
540075595,/feedback
540075595,–∫—Ä–µ–∞—Ç–∏–≤–Ω–∞—è –∏–¥–µ—è: —Ä–∞–∑—Ä–∏—Å–æ–≤–∞—Ç—å –æ–±–æ–∏ —Ñ–ª–æ–º–∞—Å—Ç–µ—Ä–∞–º–∏
540075595,/word_association
540075595,—Ñ–∏–∫—É—Å
540075595,/brainstorm
540075595,–Ω–µ –º–æ–≥—É —Å–µ—Å—Ç—å –∑–∞ —Ä–∞–±–æ—Ç—É —É –º–µ–Ω—è –±–æ—è–∑–Ω—å –±–µ–ª–æ–≥–æ –ª–∏—Å—Ç–∞
540075595,/start
540075595,/menu
540075595,/brainstorm
540075595,asdasd
540075595,/quote_of_the_day
540075595,/quote_of_the_day
540075595,/brainstorm
540075595,/brainstorm
540075595,/brainstorm
540075595,/brainstorm
540075595,—ã—Ñ–≤—ã–≤
540075595,–≤—ã–≤
540075595,/menu
540075595,/menu
540075595,/menu
540075595,/menu
540075595,üß† Brainstorm
540075595,/menu
540075595,üß† Brainstorm
540075595,üîó Word Association
540075595,/start
540075595,/start
540075595,–ª–µ–æ–Ω–∏–∂
540075595,–º—É–∑—ã–∫–∞ —Ä
540075595,/menu
540075595,/menu
540075595,/word_association
540075595,/start
540075595,–≤–∞—ã–≤–∞
540075595,/start
540075595,/menu
540075595,/brainstorm
540075595,/start
540075595,/brainstorm
540075595,–≤—ã–∞–≤—ã–∞
540075595,/start
540075595,/start
540075595,/brainstorm
540075595,/start
540075595,–≤—ã–∞—ã–≤–∞
540075595,–≤—ã–∞
540075595,/start
540075595,–ª–µ–æ–Ω–∏–¥
540075595,–º—É–∑—ã–∫–∞
540075595,/menu
540075595,/brainstorm
540075595,/start
540075595,–ª–µ–æ–Ω–∏–¥
540075595,—Å–ø–æ—Ä—Ç
540075595,/menu
540075595,/brainstorm
540075595,/brainstorm
540075595,/quote_of_the_day
540075595,/brainstorm
540075595,/start
540075595,—ã—Ñ–≤–æ
540075595,/start
540075595,–ª–µ–æ–Ω–∏–¥
540075595,/start
540075595,–ª–µ–æ–Ω–∏–¥
540075595,–º—É–∑—ã–∫–∞
540075595,/menu
540075595,/brainstorm
540075595,–Ω–µ –º–æ–≥—É –Ω–∞–π—Ç–∏ –≤–¥–æ—Ö–Ω–æ–≤–ª–µ–Ω–∏–µ
540075595,/start
540075595,/brainstorm
540075595,—è –Ω–µ –º–æ–≥—É –Ω–∞–π—Ç–∏ –≤–¥–æ—Ö–Ω–æ–≤–µ–Ω–∏–µ
540075595,/start
540075595,–ª–µ–æ–Ω–∏–¥
540075595,–º—É–∑—ã–∫–∞
540075595,/creative_prompt
540075595,/challenge
540075595,/creative_prompt
540075595,–∫–æ—Ä–æ–ª—å –∏ —à—É—Ç –ø–∞–ª–∞—á
540075595,/feedback
540075595,—è –ª—é–±–ª—é —Å–ª—É—à–∞—Ç—å –∫–æ—Ä–æ–ª—å –∏ —à—É—Ç
540075595,/menu
540075595,/creative_prompt
540075595,/challenge
540075595,/feedback
